0,1
False	15	105.703125	0.0,b'0\r\n'
False	15	107.0	1372.75,b'0\r\n'
False	15	108.34375	1389.0,b'0\r\n'
False	15	109.671875	1403.75,b'0\r\n'
False	15	110.984375	1420.75,b'0\r\n'
False	15	112.28125	1437.5,b'0\r\n'
False	15	113.59375	1454.0,b'0\r\n'
False	15	114.90625	1474.75,b'0\r\n'
False	15	116.296875	1498.5,b'0\r\n'
False	15	117.53125	1524.25,b'0\r\n'
False	15	118.890625	1550.5,b'0\r\n'
False	15	120.1875	1577.0,b'0\r\n'
False	15	121.5	1607.25,b'0\r\n'
False	15	122.875	1637.5,b'0\r\n'
False	15	124.140625	1667.75,b'0\r\n'
False	15	125.46875	1703.0,b'0\r\n'
False	15	126.78125	1743.75,b'0\r\n'
False	15	128.109375	1782.25,b'0\r\n'
False	15	129.40625	1820.5,b'0\r\n'
False	15	130.75	1867.75,b'0\r\n'
False	15	132.015625	1919.0,b'0\r\n'
False	9	133.34375	1962.75,b'0\r\n'
False	0	141.921875	0.0,b'0\r\n'
False	0	143.25	0.0,b'0\r\n'
False	0	144.59375	0.0,b'0\r\n'
False	0	145.921875	0.0,b'0\r\n'
False	0	147.25	0.0,b'0\r\n'
False	15	141.390625	0.0,b'0\r\n'
False	15	142.703125	1803.25,b'0\r\n'
False	15	144.0625	1800.75,b'0\r\n'
False	15	145.390625	1803.75,b'0\r\n'
False	15	146.71875	1791.5,b'0\r\n'
False	15	148.0625	1779.75,b'0\r\n'
False	15	149.390625	1764.0,b'0\r\n'
False	0	157.90625	0.0,b'0\r\n'
False	12	152.015625	0.0,b'0\r\n'
False	0	160.578125	0.0,b'0\r\n'
False	0	161.90625	0.0,b'0\r\n'
False	0	163.328125	0.0,b'0\r\n'
False	0	164.65625	0.0,b'0\r\n'
False	0	166.0	0.0,b'0\r\n'
False	0	167.328125	0.0,b'2\r\n'
False	0	168.671875	0.0,b'2\r\n'
False	15	162.828125	0.0,b'2\r\n'
False	15	164.171875	1763.5,b'2\r\n'
False	15	165.59375	0.0,b'2\r\n'
False	15	166.921875	1624.0,b'2\r\n'
False	15	168.265625	1625.25,b'2\r\n'
False	15	169.578125	1626.25,b'2\r\n'
False	15	170.890625	1630.0,b'2\r\n'
False	15	172.25	1634.5,b'2\r\n'
False	15	173.5625	1635.5,b'2\r\n'
False	15	174.921875	1640.0,b'2\r\n'
False	15	176.265625	1647.5,b'2\r\n'
False	11	177.578125	1652.5,b'2\r\n'
False	0	186.109375	0.0,b'2\r\n'
False	0	187.453125	0.0,b'2\r\n'
False	0	188.796875	0.0,b'2\r\n'
False	0	190.125	0.0,b'2\r\n'
False	0	191.46875	0.0,b'2\r\n'
False	0	192.8125	0.0,b'2\r\n'
False	8	187.03125	0.0,b'4\r\n'
False	13	188.34375	1737.0,b'4\r\n'
False	15	189.625	1750.0,b'4\r\n'
False	15	191.015625	1763.75,b'4\r\n'
False	15	192.3125	1782.75,b'4\r\n'
False	15	193.671875	1800.0,b'4\r\n'
False	12	195.0	1820.0,b'4\r\n'
False	0	203.53125	0.0,b'4\r\n'
False	0	204.875	0.0,b'4\r\n'
False	0	206.21875	0.0,b'4\r\n'
False	15	200.484375	0.0,b'4\r\n'
False	9	201.8125	0.0,b'4\r\n'
False	0	210.3125	0.0,b'4\r\n'
False	0	211.65625	0.0,b'4\r\n'
False	15	206.34375	0.0,b'4\r\n'
False	0	214.34375	0.0,b'4\r\n'
False	0	215.6875	0.0,b'4\r\n'
False	0	217.03125	0.0,b'4\r\n'
False	0	218.375	0.0,b'4\r\n'
False	0	219.71875	0.0,b'4\r\n'
False	0	221.0625	0.0,b'6\r\n'
False	11	215.765625	1082.5,b'6\r\n'
False	15	217.15625	0.0,b'6\r\n'
False	15	218.53125	1003.0,b'6\r\n'
False	9	219.203125	0.0,b'6\r\n'
False	15	220.609375	1844.0,b'6\r\n'
False	15	221.96875	1809.0,b'6\r\n'
False	15	223.296875	1769.75,b'6\r\n'
False	15	224.640625	1735.25,b'6\r\n'
False	11	226.8125	0.0,b'6\r\n'
False	15	228.0625	904.0,b'6\r\n'
False	15	229.546875	887.0,b'6\r\n'
False	15	230.875	875.0,b'6\r\n'
False	15	232.21875	864.75,b'6\r\n'
False	15	233.515625	855.0,b'6\r\n'
False	15	235.0	846.75,b'6\r\n'
False	15	236.3125	844.25,b'6\r\n'
False	15	237.625	843.0,b'6\r\n'
False	12	238.921875	0.0,b'6\r\n'
False	15	240.171875	0.0,b'6\r\n'
False	15	241.546875	915.75,b'8\r\n'
False	15	242.84375	923.25,b'8\r\n'
False	15	244.125	936.75,b'8\r\n'
False	15	245.421875	955.75,b'8\r\n'
False	9	253.3125	0.0,b'8\r\n'
False	15	254.65625	0.0,b'8\r\n'
False	11	249.125	0.0,b'8\r\n'
False	15	250.390625	1298.75,b'8\r\n'
False	15	251.75	0.0,b'8\r\n'
False	15	258.359375	0.0,b'8\r\n'
False	15	260.765625	255.0,b'8\r\n'
False	0	262.734375	0.0,b'8\r\n'
False	0	264.078125	0.0,b'8\r\n'
False	0	265.421875	0.0,b'8\r\n'
False	0	266.765625	0.0,b'8\r\n'
False	0	268.109375	0.0,b'8\r\n'
False	0	269.453125	0.0,b'8\r\n'
False	14	268.40625	259.0,b'8\r\n'
False	15	270.734375	261.25,b'8\r\n'
False	15	271.1875	260.5,b'8\r\n'
False	15	273.5	260.25,b'10\r\n'
False	15	273.46875	261.0,b'10\r\n'
False	15	276.359375	262.25,b'10\r\n'
False	15	277.328125	263.0,b'10\r\n'
False	15	277.78125	264.5,b'10\r\n'
False	15	279.046875	267.25,b'10\r\n'
False	0	282.828125	0.0,b'10\r\n'
False	0	284.15625	0.0,b'10\r\n'
False	0	285.515625	0.0,b'10\r\n'
False	0	286.859375	0.0,b'10\r\n'
False	0	288.203125	0.0,b'10\r\n'
False	0	289.53125	0.0,b'10\r\n'
False	0	290.875	0.0,b'10\r\n'
False	0	292.21875	0.0,b'10\r\n'
False	0	293.546875	0.0,b'10\r\n'
False	0	294.890625	0.0,b'12\r\n'
False	0	296.234375	0.0,b'12\r\n'
False	0	297.578125	0.0,b'12\r\n'
False	0	298.921875	0.0,b'12\r\n'
False	15	300.265625	0.0,b'12\r\n'
False	15	294.46875	0.0,b'12\r\n'
False	15	295.796875	1620.0,b'12\r\n'
False	15	297.171875	1641.25,b'12\r\n'
False	0	305.625	0.0,b'12\r\n'
False	15	299.78125	0.0,b'12\r\n'
False	15	301.125	1728.75,b'12\r\n'
False	15	302.453125	1756.0,b'12\r\n'
False	15	303.828125	1788.5,b'12\r\n'
False	15	305.125	1824.5,b'12\r\n'
False	0	313.6875	0.0,b'12\r\n'
False	13	307.78125	0.0,b'14\r\n'
False	15	309.09375	1962.75,b'14\r\n'
False	15	310.4375	2004.0,b'14\r\n'
False	15	311.765625	2045.25,b'14\r\n'
False	0	320.375	0.0,b'14\r\n'
False	0	321.71875	0.0,b'14\r\n'
False	15	315.6875	0.0,b'14\r\n'
False	15	317.046875	0.0,b'14\r\n'
False	12	318.375	2378.75,b'14\r\n'
False	0	327.09375	0.0,b'14\r\n'
False	0	328.4375	0.0,b'14\r\n'
False	15	322.328125	0.0,b'14\r\n'
False	15	323.609375	2741.0,b'14\r\n'
False	15	324.984375	0.0,b'14\r\n'
False	0	333.78125	0.0,b'14\r\n'
False	15	327.671875	2624.5,b'16\r\n'
False	15	329.03125	2608.0,b'16\r\n'
False	15	330.359375	2650.75,b'16\r\n'
False	15	331.703125	2674.0,b'16\r\n'
False	15	333.046875	2645.25,b'16\r\n'
False	15	334.359375	2629.0,b'16\r\n'
False	15	335.734375	2614.5,b'16\r\n'
False	15	337.078125	2596.25,b'16\r\n'
False	15	338.40625	2588.25,b'16\r\n'
False	15	339.75	2580.0,b'16\r\n'
False	15	341.109375	2570.75,b'16\r\n'
False	15	342.421875	2568.5,b'16\r\n'
False	15	343.765625	2559.75,b'16\r\n'
False	15	345.09375	2552.25,b'16\r\n'
False	15	346.46875	2556.0,b'16\r\n'
False	15	347.734375	2553.5,b'18\r\n'
False	15	349.078125	2551.0,b'18\r\n'
False	15	350.4375	2557.0,b'18\r\n'
True	15	351.75	2565.5,b'18\r\n'
False	10	353.078125	2598.25,b'18\r\n'
False	15	354.390625	0.0,b'18\r\n'
False	15	355.71875	2821.5,b'18\r\n'
False	15	357.078125	2833.5,b'18\r\n'
False	12	358.40625	0.0,b'18\r\n'
False	15	359.734375	2676.25,b'18\r\n'
False	15	1.09375	2650.0,b'18\r\n'
False	15	2.421875	2673.0,b'18\r\n'
False	15	3.78125	2678.25,b'18\r\n'
False	15	5.125	2669.0,b'18\r\n'
False	15	6.4375	0.0,b'18\r\n'
False	15	7.765625	2786.5,b'20\r\n'
False	15	9.109375	2804.25,b'20\r\n'
False	15	10.421875	2835.75,b'20\r\n'
False	15	11.71875	2824.0,b'20\r\n'
False	15	13.0625	2816.75,b'20\r\n'
False	15	14.375	2856.0,b'20\r\n'
False	15	15.71875	2887.25,b'20\r\n'
False	15	17.03125	2920.0,b'20\r\n'
False	15	18.328125	0.0,b'20\r\n'
False	15	19.703125	0.0,b'20\r\n'
False	15	21.0625	0.0,b'20\r\n'
False	15	22.421875	0.0,b'20\r\n'
False	15	23.78125	0.0,b'20\r\n'
False	15	25.140625	0.0,b'20\r\n'
False	15	26.484375	0.0,b'20\r\n'
False	15	27.859375	0.0,b'22\r\n'
False	15	29.21875	0.0,b'22\r\n'
False	15	30.5625	0.0,b'22\r\n'
False	15	31.9375	0.0,b'22\r\n'
False	15	33.296875	1979.25,b'22\r\n'
False	15	34.65625	1924.25,b'22\r\n'
False	15	36.0625	1874.5,b'22\r\n'
False	15	37.40625	1828.5,b'22\r\n'
False	15	38.765625	1788.5,b'22\r\n'
False	15	40.15625	1746.75,b'22\r\n'
False	15	41.453125	1704.0,b'22\r\n'
False	15	42.828125	1668.75,b'22\r\n'
False	15	44.171875	1639.0,b'22\r\n'
False	15	45.515625	1608.5,b'22\r\n'
False	15	46.875	1578.5,b'22\r\n'
False	15	48.21875	1552.5,b'24\r\n'
False	15	49.5625	1526.5,b'24\r\n'
False	15	50.96875	1502.75,b'24\r\n'
False	15	52.59375	0.0,b'24\r\n'
False	15	53.90625	1122.75,b'24\r\n'
False	15	55.265625	1114.0,b'24\r\n'
False	15	56.640625	1105.75,b'24\r\n'
False	15	64.671875	0.0,b'24\r\n'
False	15	66.0	0.0,b'24\r\n'
False	15	60.390625	0.0,b'24\r\n'
False	15	61.78125	1358.5,b'24\r\n'
False	15	63.078125	1346.0,b'24\r\n'
False	15	64.421875	1333.0,b'24\r\n'
False	15	65.8125	1320.25,b'24\r\n'
False	15	67.109375	1309.75,b'24\r\n'
False	15	68.4375	1302.5,b'26\r\n'
False	15	69.828125	1292.75,b'26\r\n'
False	15	71.125	1285.25,b'26\r\n'
False	15	72.484375	1282.75,b'26\r\n'
False	15	73.875	1279.0,b'26\r\n'
False	15	75.140625	1274.75,b'26\r\n'
False	15	76.53125	1271.5,b'26\r\n'
False	15	77.859375	1268.5,b'26\r\n'
False	15	79.203125	1266.75,b'26\r\n'
False	15	80.515625	1264.0,b'26\r\n'
False	15	81.859375	1261.5,b'26\r\n'
False	15	83.234375	1260.75,b'26\r\n'
False	15	84.546875	1262.25,b'26\r\n'
False	15	85.8125	1262.75,b'26\r\n'
False	15	87.203125	1263.75,b'26\r\n'
False	15	88.46875	1266.75,b'28\r\n'
False	15	89.828125	1270.0,b'28\r\n'
False	15	91.171875	1272.25,b'28\r\n'
False	15	92.484375	1275.0,b'28\r\n'
False	15	93.84375	1280.5,b'28\r\n'
False	15	95.203125	1286.0,b'28\r\n'
False	15	96.546875	1290.5,b'28\r\n'
False	15	97.828125	1296.5,b'28\r\n'
False	15	99.140625	1304.5,b'28\r\n'
False	15	100.46875	1314.25,b'28\r\n'
False	15	101.8125	1324.75,b'28\r\n'
False	15	103.109375	1337.0,b'28\r\n'
False	15	104.46875	1349.25,b'28\r\n'
False	15	105.828125	1359.5,b'28\r\n'
False	15	107.0625	1373.25,b'28\r\n'
False	15	108.40625	1389.0,b'30\r\n'
False	15	109.703125	1405.75,b'30\r\n'
False	15	111.046875	1422.0,b'30\r\n'
False	15	112.359375	1437.25,b'30\r\n'
False	15	113.703125	1457.25,b'30\r\n'
False	15	115.015625	1477.75,b'30\r\n'
False	15	116.296875	1499.25,b'30\r\n'
False	15	117.625	1524.5,b'30\r\n'
False	15	118.96875	1552.75,b'30\r\n'
False	15	120.265625	1579.5,b'30\r\n'
False	15	121.59375	1607.25,b'30\r\n'
False	15	122.890625	1637.5,b'30\r\n'
False	15	124.21875	1668.25,b'30\r\n'
False	15	125.515625	1705.75,b'30\r\n'
False	15	126.8125	1746.75,b'30\r\n'
False	15	128.171875	1783.0,b'32\r\n'
False	15	129.453125	1821.0,b'32\r\n'
False	15	130.796875	1868.25,b'32\r\n'
False	15	132.09375	1921.5,b'32\r\n'
False	9	133.40625	1964.5,b'32\r\n'
False	0	141.984375	0.0,b'32\r\n'
False	0	143.328125	0.0,b'32\r\n'
False	0	144.65625	0.0,b'32\r\n'
False	0	145.984375	0.0,b'32\r\n'
False	9	140.125	0.0,b'32\r\n'
False	15	141.453125	1824.75,b'32\r\n'
False	15	142.78125	1802.75,b'32\r\n'
False	15	144.109375	1805.0,b'32\r\n'
False	15	145.453125	1808.0,b'32\r\n'
False	15	146.765625	1791.25,b'32\r\n'
False	15	148.140625	1779.5,b'34\r\n'
False	15	149.484375	1764.0,b'34\r\n'
False	0	157.96875	0.0,b'34\r\n'
False	12	152.03125	0.0,b'34\r\n'
False	0	160.640625	0.0,b'34\r\n'
False	0	162.0625	0.0,b'34\r\n'
False	0	163.390625	0.0,b'34\r\n'
False	0	164.71875	0.0,b'34\r\n'
False	0	166.046875	0.0,b'34\r\n'
False	0	167.390625	0.0,b'34\r\n'
False	0	168.734375	0.0,b'34\r\n'
False	15	162.890625	0.0,b'34\r\n'
False	15	164.21875	1763.0,b'34\r\n'
False	15	165.609375	0.0,b'34\r\n'
False	15	166.9375	1622.75,b'34\r\n'
False	15	168.265625	1624.5,b'36\r\n'
False	15	169.65625	1627.0,b'36\r\n'
False	15	170.984375	1630.25,b'36\r\n'
False	15	172.34375	1634.5,b'36\r\n'
False	15	173.671875	1635.75,b'36\r\n'
False	15	174.96875	1640.5,b'36\r\n'
False	15	176.265625	1647.75,b'36\r\n'
False	9	177.640625	1652.75,b'36\r\n'
False	0	186.140625	0.0,b'36\r\n'
False	0	187.484375	0.0,b'36\r\n'
False	0	188.8125	0.0,b'36\r\n'
False	0	190.15625	0.0,b'36\r\n'
False	0	191.484375	0.0,b'36\r\n'
False	0	192.828125	0.0,b'36\r\n'
False	8	187.0	0.0,b'36\r\n'
False	14	188.328125	1736.75,b'38\r\n'
False	15	189.703125	1749.75,b'38\r\n'
False	15	191.015625	1763.75,b'38\r\n'
False	15	192.3125	1782.5,b'38\r\n'
False	15	193.671875	1800.0,b'38\r\n'
False	12	194.984375	1819.75,b'38\r\n'
False	0	203.53125	0.0,b'38\r\n'
False	0	204.875	0.0,b'38\r\n'
False	0	206.21875	0.0,b'38\r\n'
False	11	200.453125	0.0,b'38\r\n'
False	9	201.78125	0.0,b'38\r\n'
False	0	210.3125	0.0,b'38\r\n'
False	0	211.640625	0.0,b'38\r\n'
False	0	212.984375	0.0,b'38\r\n'
False	0	214.34375	0.0,b'38\r\n'
False	0	215.671875	0.0,b'40\r\n'
False	0	217.015625	0.0,b'40\r\n'
False	0	218.359375	0.0,b'40\r\n'
False	0	219.71875	0.0,b'40\r\n'
False	0	221.046875	0.0,b'40\r\n'
False	15	215.71875	0.0,b'40\r\n'
False	15	217.21875	0.0,b'40\r\n'
False	15	218.484375	1009.75,b'40\r\n'
False	15	219.1875	0.0,b'40\r\n'
False	15	220.5625	1839.75,b'40\r\n'
False	15	221.90625	1803.0,b'40\r\n'
False	15	223.28125	1768.25,b'40\r\n'
False	15	224.609375	1737.0,b'40\r\n'
False	0	233.140625	0.0,b'40\r\n'
False	15	228.03125	0.0,b'40\r\n'
False	15	229.484375	892.75,b'42\r\n'
False	15	230.875	877.25,b'42\r\n'
False	15	232.15625	864.75,b'42\r\n'
False	15	233.578125	855.0,b'42\r\n'
False	15	234.90625	847.75,b'42\r\n'
False	15	236.234375	847.5,b'42\r\n'
False	15	237.640625	843.5,b'42\r\n'
False	15	238.875	0.0,b'42\r\n'
False	15	240.15625	904.0,b'42\r\n'
False	15	241.5	915.0,b'42\r\n'
False	15	242.8125	923.0,b'42\r\n'
False	15	244.171875	936.75,b'42\r\n'
False	15	245.375	955.75,b'42\r\n'
False	0	253.234375	0.0,b'42\r\n'
False	15	254.59375	0.0,b'42\r\n'
False	0	255.921875	0.0,b'44\r\n'
False	15	250.359375	0.0,b'44\r\n'
False	15	251.671875	0.0,b'44\r\n'
False	15	257.734375	0.0,b'44\r\n'
False	15	259.21875	254.5,b'44\r\n'
False	0	262.65625	0.0,b'44\r\n'
False	0	264.0	0.0,b'44\r\n'
False	0	265.34375	0.0,b'44\r\n'
False	0	266.6875	0.0,b'44\r\n'
False	0	268.015625	0.0,b'44\r\n'
False	0	269.359375	0.0,b'44\r\n'
False	15	268.671875	258.5,b'44\r\n'
False	15	271.0625	261.0,b'44\r\n'
False	15	272.125	260.25,b'44\r\n'
False	15	273.578125	260.0,b'44\r\n'
False	15	274.625	260.75,b'46\r\n'
False	15	275.375	262.25,b'46\r\n'
False	15	276.4375	263.25,b'46\r\n'
False	15	278.328125	264.5,b'46\r\n'
False	15	278.8125	266.75,b'46\r\n'
False	0	282.75	0.0,b'46\r\n'
False	0	284.09375	0.0,b'46\r\n'
False	0	285.4375	0.0,b'46\r\n'
False	0	286.78125	0.0,b'46\r\n'
False	0	288.109375	0.0,b'46\r\n'
False	0	289.453125	0.0,b'46\r\n'
False	0	290.796875	0.0,b'46\r\n'
False	0	292.140625	0.0,b'46\r\n'
False	0	293.484375	0.0,b'46\r\n'
False	0	294.8125	0.0,b'46\r\n'
False	0	296.15625	0.0,b'48\r\n'
False	0	297.5	0.0,b'48\r\n'
False	0	298.84375	0.0,b'48\r\n'
False	15	300.1875	0.0,b'48\r\n'
False	15	294.40625	0.0,b'48\r\n'
False	15	295.71875	1620.0,b'48\r\n'
False	15	297.0625	1640.75,b'48\r\n'
False	0	305.546875	0.0,b'48\r\n'
False	15	299.6875	0.0,b'48\r\n'
False	15	301.0	1726.25,b'48\r\n'
False	15	302.34375	1755.25,b'48\r\n'
False	15	303.703125	1787.5,b'48\r\n'
False	15	305.0	1823.75,b'48\r\n'
False	0	313.546875	0.0,b'48\r\n'
False	11	307.65625	0.0,b'48\r\n'
False	15	308.96875	1958.5,b'50\r\n'
False	15	310.28125	2001.0,b'50\r\n'
False	15	311.578125	2043.0,b'50\r\n'
False	0	320.234375	0.0,b'50\r\n'
False	0	321.5625	0.0,b'50\r\n'
False	15	315.53125	0.0,b'50\r\n'
False	15	316.890625	2309.0,b'50\r\n'
False	12	318.171875	2375.5,b'50\r\n'
False	0	326.921875	0.0,b'50\r\n'
False	0	328.265625	0.0,b'50\r\n'
False	15	322.125	0.0,b'50\r\n'
False	15	323.5	2733.25,b'50\r\n'
False	15	324.84375	0.0,b'50\r\n'
False	15	326.203125	2646.25,b'50\r\n'
False	15	327.5625	2639.5,b'50\r\n'
False	15	328.859375	2614.75,b'52\r\n'
False	15	330.1875	0.0,b'52\r\n'
False	15	331.53125	2670.25,b'52\r\n'
False	15	332.875	2651.0,b'52\r\n'
False	15	334.21875	2634.25,b'52\r\n'
False	15	335.546875	2610.25,b'52\r\n'
False	15	336.90625	2589.25,b'52\r\n'
False	15	338.265625	2579.0,b'52\r\n'
False	15	339.59375	2575.75,b'52\r\n'
False	15	340.921875	2571.25,b'52\r\n'
False	15	342.28125	2565.25,b'52\r\n'
False	15	343.609375	2560.25,b'52\r\n'
False	15	344.921875	2555.75,b'52\r\n'
False	15	346.296875	2554.25,b'52\r\n'
False	15	347.5625	2553.0,b'52\r\n'
False	15	348.90625	2553.5,b'54\r\n'
False	15	350.25	2556.0,b'54\r\n'
True	15	351.578125	2560.75,b'54\r\n'
False	0	0.34375	0.0,b'54\r\n'
False	15	354.203125	0.0,b'54\r\n'
False	15	355.53125	2837.25,b'54\r\n'
False	15	356.859375	2834.75,b'54\r\n'
False	15	358.203125	2847.25,b'54\r\n'
False	15	359.59375	0.0,b'54\r\n'
False	15	0.921875	2639.0,b'54\r\n'
False	15	2.265625	2666.25,b'54\r\n'
False	15	3.5625	2687.5,b'54\r\n'
False	15	4.921875	2657.25,b'54\r\n'
False	15	6.234375	0.0,b'54\r\n'
False	15	7.578125	2758.25,b'54\r\n'
False	15	8.90625	2798.0,b'56\r\n'
False	15	10.21875	2849.5,b'56\r\n'
False	15	11.53125	0.0,b'56\r\n'
False	15	12.828125	2807.5,b'56\r\n'
False	15	14.15625	2847.5,b'56\r\n'
False	15	15.5	2885.75,b'56\r\n'
False	15	16.828125	2921.75,b'56\r\n'
False	15	18.140625	2952.0,b'56\r\n'
False	15	19.5	0.0,b'56\r\n'
False	15	20.859375	0.0,b'56\r\n'
False	15	22.21875	0.0,b'56\r\n'
False	15	23.578125	0.0,b'56\r\n'
False	15	24.921875	0.0,b'56\r\n'
False	15	26.28125	0.0,b'56\r\n'
False	15	27.609375	0.0,b'56\r\n'
False	15	28.96875	0.0,b'58\r\n'
False	15	30.359375	2117.25,b'58\r\n'
False	15	31.71875	0.0,b'58\r\n'
False	15	33.078125	0.0,b'58\r\n'
False	15	34.421875	1931.5,b'58\r\n'
False	15	35.8125	1882.0,b'58\r\n'
False	15	37.203125	1835.0,b'58\r\n'
False	15	38.5625	1795.0,b'58\r\n'
False	15	39.90625	1754.75,b'58\r\n'
False	15	41.265625	1711.25,b'58\r\n'
False	15	42.578125	1674.25,b'58\r\n'
False	15	43.96875	1643.5,b'58\r\n'
False	15	45.28125	1611.25,b'58\r\n'
False	15	46.65625	1581.5,b'58\r\n'
False	15	48.03125	1553.75,b'58\r\n'
False	15	49.34375	1527.25,b'60\r\n'
False	15	50.6875	1504.75,b'60\r\n'
False	15	52.3125	0.0,b'60\r\n'
False	15	53.6875	1125.5,b'60\r\n'
False	15	55.0	1116.75,b'60\r\n'
False	15	56.40625	1107.75,b'60\r\n'
False	15	64.421875	0.0,b'60\r\n'
False	15	65.765625	0.0,b'60\r\n'
False	15	60.203125	0.0,b'60\r\n'
False	15	61.5	1359.0,b'60\r\n'
False	15	62.890625	1347.75,b'60\r\n'
False	15	64.21875	1335.75,b'60\r\n'
False	15	65.5625	1324.0,b'60\r\n'
False	15	66.90625	1311.25,b'60\r\n'
False	15	68.234375	1302.25,b'60\r\n'
False	15	69.625	1297.0,b'62\r\n'
False	15	70.96875	1291.0,b'62\r\n'
False	15	72.28125	1285.0,b'62\r\n'
False	15	73.640625	1280.0,b'62\r\n'
False	15	74.96875	1275.75,b'62\r\n'
False	15	76.296875	1272.0,b'62\r\n'
False	15	77.6875	1267.75,b'62\r\n'
False	15	79.046875	1266.0,b'62\r\n'
False	15	80.359375	1265.5,b'62\r\n'
False	15	81.71875	1264.25,b'62\r\n'
False	15	83.0	1262.5,b'62\r\n'
False	15	84.25	1261.5,b'62\r\n'
False	15	85.609375	1262.5,b'62\r\n'
False	15	86.984375	1264.25,b'62\r\n'
False	15	88.3125	1266.5,b'62\r\n'
False	15	89.625	1268.5,b'64\r\n'
False	15	90.921875	1273.75,b'64\r\n'
False	15	92.28125	1276.75,b'64\r\n'
False	15	93.640625	1278.0,b'64\r\n'
False	15	94.984375	1282.75,b'64\r\n'
False	15	96.25	1288.75,b'64\r\n'
False	15	97.625	1295.25,b'64\r\n'
False	15	98.9375	1302.5,b'64\r\n'
False	15	100.234375	1312.25,b'64\r\n'
False	15	101.546875	1323.75,b'64\r\n'
False	15	102.921875	1334.0,b'64\r\n'
False	15	104.234375	1346.75,b'64\r\n'
False	15	105.578125	1358.5,b'64\r\n'
False	15	106.859375	1372.75,b'64\r\n'
False	15	108.15625	1387.0,b'64\r\n'
False	15	109.53125	1401.0,b'66\r\n'
False	15	110.859375	1417.0,b'66\r\n'
False	15	112.1875	1432.75,b'66\r\n'
False	15	113.4375	1453.0,b'66\r\n'
False	15	114.765625	1474.75,b'66\r\n'
False	15	116.078125	1498.0,b'66\r\n'
False	15	117.390625	1521.75,b'66\r\n'
False	15	118.765625	1548.0,b'66\r\n'
False	15	120.046875	1575.5,b'66\r\n'
False	15	121.34375	1603.75,b'66\r\n'
False	15	122.6875	1634.25,b'66\r\n'
False	15	123.984375	1666.5,b'66\r\n'
False	15	125.34375	1702.0,b'66\r\n'
False	15	126.625	1740.5,b'66\r\n'
False	15	127.921875	1778.0,b'66\r\n'
False	15	129.265625	1817.75,b'68\r\n'
False	15	130.578125	1865.5,b'68\r\n'
False	15	131.9375	1917.75,b'68\r\n'
False	10	133.25	1963.75,b'68\r\n'
False	0	141.84375	0.0,b'68\r\n'
False	0	143.171875	0.0,b'68\r\n'
False	0	144.515625	0.0,b'68\r\n'
False	0	145.859375	0.0,b'68\r\n'
False	0	147.1875	0.0,b'68\r\n'
False	15	141.328125	0.0,b'68\r\n'
False	15	142.640625	1803.0,b'68\r\n'
False	15	143.984375	1800.5,b'68\r\n'
False	15	145.359375	1803.5,b'68\r\n'
False	15	146.65625	1792.25,b'68\r\n'
False	15	148.015625	1780.25,b'68\r\n'
False	15	149.375	1764.25,b'70\r\n'
False	0	157.875	0.0,b'70\r\n'
False	13	151.921875	0.0,b'70\r\n'
False	0	160.546875	0.0,b'70\r\n'
False	0	161.875	0.0,b'70\r\n'
False	0	163.25	0.0,b'70\r\n'
False	0	164.59375	0.0,b'70\r\n'
False	0	165.921875	0.0,b'70\r\n'
False	0	167.265625	0.0,b'70\r\n'
False	0	168.609375	0.0,b'70\r\n'
False	15	162.78125	0.0,b'70\r\n'
False	15	164.09375	1764.0,b'70\r\n'
False	15	165.515625	0.0,b'70\r\n'
False	15	166.84375	1628.5,b'70\r\n'
False	15	168.15625	1627.5,b'70\r\n'
False	15	169.515625	1628.5,b'72\r\n'
False	15	170.875	1628.0,b'72\r\n'
False	15	172.234375	1632.5,b'72\r\n'
False	15	173.53125	1636.25,b'72\r\n'
False	15	174.828125	1640.75,b'72\r\n'
False	14	176.15625	1647.5,b'72\r\n'
False	11	177.515625	1653.25,b'72\r\n'
False	0	186.109375	0.0,b'72\r\n'
False	0	187.453125	0.0,b'72\r\n'
False	0	188.796875	0.0,b'72\r\n'
False	0	190.140625	0.0,b'72\r\n'
False	0	191.484375	0.0,b'72\r\n'
False	0	192.8125	0.0,b'72\r\n'
False	0	194.15625	0.0,b'72\r\n'
False	10	188.34375	0.0,b'72\r\n'
False	15	189.6875	1745.5,b'74\r\n'
False	15	190.984375	1763.75,b'74\r\n'
False	15	192.390625	1783.0,b'74\r\n'
False	15	193.6875	1803.0,b'74\r\n'
False	11	195.03125	1822.75,b'74\r\n'
False	0	203.578125	0.0,b'74\r\n'
False	0	204.921875	0.0,b'74\r\n'
False	0	206.265625	0.0,b'74\r\n'
False	14	200.5	0.0,b'74\r\n'
False	10	201.84375	0.0,b'74\r\n'
False	0	210.328125	0.0,b'74\r\n'
False	0	211.671875	0.0,b'74\r\n'
False	12	206.3125	0.0,b'74\r\n'
False	0	214.359375	0.0,b'74\r\n'
False	0	215.703125	0.0,b'74\r\n'
False	0	217.046875	0.0,b'76\r\n'
False	0	218.390625	0.0,b'76\r\n'
False	0	219.734375	0.0,b'76\r\n'
False	0	221.078125	0.0,b'76\r\n'
False	13	215.796875	0.0,b'76\r\n'
False	15	217.28125	0.0,b'76\r\n'
False	15	218.609375	1008.5,b'76\r\n'
False	15	219.28125	0.0,b'76\r\n'
False	15	220.578125	1843.0,b'76\r\n'
False	15	221.96875	1802.5,b'76\r\n'
False	15	223.359375	1767.5,b'76\r\n'
False	15	224.71875	1742.5,b'76\r\n'
False	8	226.765625	0.0,b'76\r\n'
False	15	228.3125	904.5,b'76\r\n'
False	15	229.65625	887.0,b'76\r\n'
False	15	230.9375	874.75,b'78\r\n'
False	15	232.265625	864.75,b'78\r\n'
False	15	233.765625	854.75,b'78\r\n'
False	15	235.015625	846.25,b'78\r\n'
False	15	236.359375	845.75,b'78\r\n'
False	15	244.0625	0.0,b'78\r\n'
False	15	245.421875	0.0,b'78\r\n'
False	15	240.34375	0.0,b'78\r\n'
False	15	241.625	916.25,b'78\r\n'
False	15	242.96875	925.0,b'78\r\n'
False	15	244.40625	938.5,b'78\r\n'
False	15	245.6875	958.25,b'78\r\n'
False	0	253.5	0.0,b'78\r\n'
False	15	254.859375	0.0,b'78\r\n'
False	15	249.328125	0.0,b'78\r\n'
False	15	250.6875	0.0,b'80\r\n'
False	15	251.90625	0.0,b'80\r\n'
False	15	259.328125	0.0,b'80\r\n'
False	15	259.359375	255.25,b'80\r\n'
False	0	262.921875	0.0,b'80\r\n'
False	0	264.265625	0.0,b'80\r\n'
False	0	265.625	0.0,b'80\r\n'
False	0	266.96875	0.0,b'80\r\n'
False	0	268.3125	0.0,b'80\r\n'
False	0	269.65625	0.0,b'80\r\n'
False	15	269.453125	258.75,b'80\r\n'
False	15	269.921875	260.75,b'80\r\n'
False	15	271.1875	260.25,b'80\r\n'
False	15	272.421875	261.75,b'80\r\n'
False	15	273.96875	262.0,b'80\r\n'
False	15	276.453125	262.25,b'82\r\n'
False	15	276.4375	263.75,b'82\r\n'
False	15	280.5	0.0,b'82\r\n'
False	15	281.828125	0.0,b'82\r\n'
False	0	283.0625	0.0,b'82\r\n'
False	0	284.40625	0.0,b'82\r\n'
False	0	285.75	0.0,b'82\r\n'
False	0	287.09375	0.0,b'82\r\n'
False	0	288.4375	0.0,b'82\r\n'
False	0	289.78125	0.0,b'82\r\n'
False	0	291.125	0.0,b'82\r\n'
False	0	292.46875	0.0,b'82\r\n'
False	0	293.8125	0.0,b'82\r\n'
False	0	295.15625	0.0,b'82\r\n'
False	0	296.5	0.0,b'82\r\n'
False	0	297.84375	0.0,b'84\r\n'
False	15	299.1875	0.0,b'84\r\n'
False	15	293.421875	0.0,b'84\r\n'
False	15	294.765625	1604.25,b'84\r\n'
False	15	296.109375	1624.25,b'84\r\n'
False	13	297.453125	1646.5,b'84\r\n'
False	9	298.78125	1676.0,b'84\r\n'
False	15	300.125	1705.0,b'84\r\n'
False	15	301.40625	1732.75,b'84\r\n'
False	15	302.71875	1760.5,b'84\r\n'
False	15	304.03125	1794.5,b'84\r\n'
False	15	305.375	1832.5,b'84\r\n'
False	0	313.953125	0.0,b'84\r\n'
False	12	308.03125	0.0,b'84\r\n'
False	15	309.375	1970.75,b'84\r\n'
False	15	310.671875	2013.0,b'86\r\n'
False	11	312.0	2060.25,b'86\r\n'
False	0	320.65625	0.0,b'86\r\n'
False	10	314.640625	0.0,b'86\r\n'
False	15	315.96875	0.0,b'86\r\n'
False	15	317.296875	2326.75,b'86\r\n'
False	0	326.03125	0.0,b'86\r\n'
False	0	327.375	0.0,b'86\r\n'
False	0	328.71875	0.0,b'86\r\n'
False	15	322.578125	0.0,b'86\r\n'
False	15	323.90625	2749.75,b'86\r\n'
False	15	325.28125	0.0,b'86\r\n'
False	0	334.0625	0.0,b'86\r\n'
False	15	327.984375	2621.75,b'86\r\n'
False	15	329.296875	2629.25,b'86\r\n'
False	15	330.640625	2672.0,b'88\r\n'
False	15	331.96875	2667.0,b'88\r\n'
False	15	333.3125	2641.25,b'88\r\n'
False	15	334.6875	2630.25,b'88\r\n'
False	15	336.015625	2613.0,b'88\r\n'
False	15	337.34375	2584.5,b'88\r\n'
False	15	338.703125	2575.5,b'88\r\n'
False	15	340.03125	2574.0,b'88\r\n'
False	15	341.375	2568.75,b'88\r\n'
False	15	342.734375	2566.5,b'88\r\n'
False	15	344.0625	2562.5,b'88\r\n'
False	15	345.390625	2557.25,b'88\r\n'
False	15	346.703125	2553.5,b'88\r\n'
False	15	348.015625	2553.25,b'88\r\n'
False	15	349.375	2549.75,b'88\r\n'
False	15	350.6875	2554.0,b'90\r\n'
True	15	352.046875	2554.5,b'90\r\n'
False	15	353.328125	0.0,b'90\r\n'
False	15	354.65625	0.0,b'90\r\n'
False	15	356.015625	2817.5,b'90\r\n'
False	15	357.328125	2832.25,b'90\r\n'
False	15	358.65625	2823.75,b'90\r\n'
False	13	0.046875	0.0,b'90\r\n'
False	15	1.375	2637.25,b'90\r\n'
False	15	2.71875	2668.5,b'90\r\n'
False	0	11.5	0.0,b'90\r\n'
False	15	5.390625	2678.25,b'90\r\n'
False	15	6.6875	0.0,b'90\r\n'
False	15	8.046875	2784.0,b'90\r\n'
False	15	9.34375	2816.75,b'90\r\n'
False	15	10.609375	2832.0,b'92\r\n'
False	15	11.9375	2809.5,b'92\r\n'
False	15	13.265625	2822.75,b'92\r\n'
False	15	14.578125	2861.25,b'92\r\n'
False	15	15.890625	2895.25,b'92\r\n'
False	15	17.21875	2930.75,b'92\r\n'
False	15	18.5625	2955.75,b'92\r\n'
False	15	19.90625	0.0,b'92\r\n'
False	15	21.28125	0.0,b'92\r\n'
False	15	22.625	0.0,b'92\r\n'
False	15	23.984375	0.0,b'92\r\n'
False	15	25.328125	0.0,b'92\r\n'
False	15	26.6875	0.0,b'92\r\n'
False	15	28.03125	0.0,b'92\r\n'
False	15	29.390625	0.0,b'92\r\n'
False	15	30.765625	2102.25,b'94\r\n'
False	15	32.09375	0.0,b'94\r\n'
False	15	33.46875	1977.75,b'94\r\n'
False	15	34.9375	1925.25,b'94\r\n'
False	15	36.28125	1875.75,b'94\r\n'
False	15	37.609375	1829.75,b'94\r\n'
False	15	39.0	1787.5,b'94\r\n'
False	15	40.328125	1749.25,b'94\r\n'
False	15	41.6875	1710.75,b'94\r\n'
False	15	43.015625	1673.25,b'94\r\n'
False	15	44.390625	1640.75,b'94\r\n'
False	15	45.765625	1611.0,b'94\r\n'
False	15	47.09375	1582.75,b'94\r\n'
False	15	48.453125	1555.0,b'94\r\n'
False	15	49.828125	1527.5,b'94\r\n'
False	15	51.125	1503.5,b'96\r\n'
False	15	52.78125	0.0,b'96\r\n'
False	15	54.171875	1125.5,b'96\r\n'
False	15	55.46875	1117.0,b'96\r\n'
False	15	56.875	1109.75,b'96\r\n'
False	15	64.859375	0.0,b'96\r\n'
False	15	66.203125	0.0,b'96\r\n'
False	15	60.578125	0.0,b'96\r\n'
False	15	61.90625	1365.75,b'96\r\n'
False	15	63.3125	1352.0,b'96\r\n'
False	15	64.59375	1339.5,b'96\r\n'
False	15	66.0	1327.75,b'96\r\n'
False	15	67.3125	1318.0,b'96\r\n'
False	15	68.625	1309.25,b'96\r\n'
False	15	70.03125	1301.75,b'96\r\n'
False	15	71.34375	1295.25,b'98\r\n'
False	15	72.703125	1288.5,b'98\r\n'
False	15	74.0	1284.0,b'98\r\n'
False	15	75.3125	1280.75,b'98\r\n'
False	15	76.71875	1278.0,b'98\r\n'
False	15	77.984375	1275.75,b'98\r\n'
False	15	79.375	1273.0,b'98\r\n'
False	15	80.65625	1271.5,b'98\r\n'
False	15	82.046875	1270.5,b'98\r\n'
False	15	83.328125	1270.75,b'98\r\n'
False	15	84.671875	1271.0,b'98\r\n'
False	15	85.953125	1271.5,b'98\r\n'
False	15	87.28125	1273.25,b'98\r\n'
False	15	88.59375	1274.75,b'98\r\n'
False	15	89.96875	1277.25,b'98\r\n'
False	15	91.296875	1279.75,b'100\r\n'
False	15	92.59375	1284.25,b'100\r\n'
False	15	93.921875	1289.25,b'100\r\n'
False	15	95.265625	1293.75,b'100\r\n'
False	15	96.640625	1298.75,b'100\r\n'
False	15	97.90625	1304.75,b'100\r\n'
False	15	99.234375	1314.25,b'100\r\n'
False	15	100.59375	1325.75,b'100\r\n'
False	15	101.90625	1336.5,b'100\r\n'
False	15	103.171875	1348.25,b'100\r\n'
False	15	104.5625	1357.75,b'100\r\n'
False	15	105.828125	1371.75,b'100\r\n'
False	15	107.15625	1386.75,b'102\r\n'
False	15	108.484375	1398.75,b'102\r\n'
False	15	109.78125	1415.0,b'102\r\n'
False	15	111.09375	1432.0,b'102\r\n'
False	15	112.40625	1448.75,b'102\r\n'
False	15	113.765625	1467.75,b'102\r\n'
False	15	115.046875	1491.25,b'102\r\n'
False	15	116.375	1515.25,b'102\r\n'
False	15	117.640625	1539.75,b'102\r\n'
False	15	119.015625	1566.75,b'102\r\n'
False	15	120.28125	1594.25,b'102\r\n'
False	15	121.640625	1620.25,b'102\r\n'
False	15	122.90625	1648.5,b'104\r\n'
False	15	124.21875	1682.5,b'104\r\n'
False	15	125.53125	1720.75,b'104\r\n'
False	15	126.875	1760.5,b'104\r\n'
False	15	128.15625	1798.75,b'104\r\n'
False	15	129.46875	1841.0,b'104\r\n'
False	15	130.828125	1888.0,b'104\r\n'
False	15	132.109375	1936.5,b'104\r\n'
False	0	140.71875	0.0,b'104\r\n'
False	0	142.046875	0.0,b'104\r\n'
False	0	143.375	0.0,b'104\r\n'
False	0	144.703125	0.0,b'104\r\n'
False	0	146.03125	0.0,b'106\r\n'
False	10	140.171875	0.0,b'106\r\n'
False	15	141.5	1820.75,b'106\r\n'
False	15	142.859375	1799.25,b'106\r\n'
False	15	144.140625	1812.0,b'106\r\n'
False	15	145.484375	1814.75,b'106\r\n'
False	15	146.828125	1790.25,b'106\r\n'
False	15	148.15625	1775.5,b'106\r\n'
False	15	149.546875	1759.5,b'106\r\n'
False	0	158.015625	0.0,b'106\r\n'
False	11	152.09375	0.0,b'106\r\n'
False	0	160.671875	0.0,b'106\r\n'
False	0	162.046875	0.0,b'108\r\n'
False	0	163.375	0.0,b'108\r\n'
False	0	164.703125	0.0,b'108\r\n'
False	0	166.046875	0.0,b'108\r\n'
False	0	167.375	0.0,b'108\r\n'
False	0	168.703125	0.0,b'108\r\n'
False	15	162.859375	0.0,b'108\r\n'
False	15	164.1875	1762.5,b'108\r\n'
False	15	165.59375	0.0,b'108\r\n'
False	15	166.90625	1621.25,b'108\r\n'
False	15	168.265625	1625.0,b'108\r\n'
False	15	169.59375	1627.75,b'108\r\n'
False	15	170.953125	1629.75,b'110\r\n'
False	15	172.234375	1634.25,b'110\r\n'
False	15	173.609375	1636.25,b'110\r\n'
False	15	174.953125	1639.5,b'110\r\n'
False	15	176.25	1647.0,b'110\r\n'
False	13	177.5625	1653.25,b'110\r\n'
False	9	179.046875	1659.25,b'110\r\n'
False	0	187.515625	0.0,b'110\r\n'
False	0	188.859375	0.0,b'110\r\n'
False	0	190.203125	0.0,b'110\r\n'
False	0	191.546875	0.0,b'110\r\n'
False	0	192.875	0.0,b'110\r\n'
False	0	194.21875	0.0,b'112\r\n'
False	15	188.375	0.0,b'112\r\n'
False	15	189.703125	1746.25,b'112\r\n'
False	15	191.09375	1764.0,b'112\r\n'
False	15	192.375	1783.5,b'112\r\n'
False	15	193.75	1803.5,b'112\r\n'
False	9	195.03125	1826.5,b'112\r\n'
False	0	203.609375	0.0,b'112\r\n'
False	0	204.953125	0.0,b'112\r\n'
False	0	206.28125	0.0,b'112\r\n'
False	15	200.5625	0.0,b'112\r\n'
False	0	208.96875	0.0,b'112\r\n'
False	0	210.375	0.0,b'114\r\n'
False	0	211.71875	0.0,b'114\r\n'
False	0	213.0625	0.0,b'114\r\n'
False	0	214.40625	0.0,b'114\r\n'
False	0	215.75	0.0,b'114\r\n'
False	0	217.09375	0.0,b'114\r\n'
False	0	218.4375	0.0,b'114\r\n'
False	0	219.78125	0.0,b'114\r\n'
False	0	221.140625	0.0,b'114\r\n'
False	15	215.828125	0.0,b'114\r\n'
False	15	217.21875	0.0,b'114\r\n'
False	15	218.6875	996.0,b'114\r\n'
False	15	219.984375	979.75,b'116\r\n'
False	15	221.3125	976.75,b'116\r\n'
False	0	229.203125	0.0,b'116\r\n'
False	15	224.125	0.0,b'116\r\n'
False	15	225.421875	929.5,b'116\r\n'
False	15	226.90625	911.0,b'116\r\n'
False	15	228.171875	897.0,b'116\r\n'
False	15	229.59375	884.5,b'116\r\n'
False	15	230.890625	871.25,b'116\r\n'
False	15	232.359375	857.0,b'116\r\n'
False	15	233.71875	848.25,b'116\r\n'
False	15	235.109375	841.5,b'116\r\n'
False	15	236.4375	828.75,b'118\r\n'
False	15	237.71875	818.75,b'118\r\n'
False	15	245.359375	0.0,b'118\r\n'
False	15	246.703125	0.0,b'118\r\n'
False	15	241.59375	0.0,b'118\r\n'
False	15	243.0	929.75,b'118\r\n'
False	15	244.234375	938.75,b'118\r\n'
False	15	245.625	955.25,b'118\r\n'
False	15	246.921875	980.25,b'118\r\n'
False	0	254.75	0.0,b'118\r\n'
False	15	256.109375	0.0,b'118\r\n'
False	15	250.46875	0.0,b'118\r\n'
False	15	255.125	0.0,b'120\r\n'
False	15	257.625	0.0,b'120\r\n'
False	15	259.6875	262.75,b'120\r\n'
False	15	256.0	0.0,b'120\r\n'
False	15	257.28125	1387.75,b'120\r\n'
False	15	258.671875	1388.5,b'120\r\n'
False	0	266.96875	0.0,b'120\r\n'
False	0	268.3125	0.0,b'120\r\n'
False	0	269.671875	0.0,b'120\r\n'
False	0	271.015625	0.0,b'120\r\n'
False	0	272.359375	0.0,b'120\r\n'
False	0	273.703125	0.0,b'120\r\n'
False	15	272.515625	0.0,b'122\r\n'
False	15	273.90625	267.75,b'122\r\n'
False	15	275.703125	268.5,b'122\r\n'
False	15	276.90625	269.75,b'122\r\n'
False	15	278.109375	272.25,b'122\r\n'
False	0	281.8125	0.0,b'122\r\n'
False	0	283.046875	0.0,b'122\r\n'
False	0	284.390625	0.0,b'122\r\n'
False	0	285.734375	0.0,b'122\r\n'
False	0	287.078125	0.0,b'122\r\n'
False	0	288.421875	0.0,b'122\r\n'
False	0	289.765625	0.0,b'122\r\n'
False	0	291.109375	0.0,b'124\r\n'
False	0	292.453125	0.0,b'124\r\n'
False	0	293.796875	0.0,b'124\r\n'
False	0	295.140625	0.0,b'124\r\n'
False	0	296.484375	0.0,b'124\r\n'
False	0	297.828125	0.0,b'124\r\n'
False	15	299.171875	0.0,b'124\r\n'
False	15	293.421875	0.0,b'124\r\n'
False	15	294.75	1627.75,b'124\r\n'
False	15	296.0625	1650.25,b'124\r\n'
False	9	297.40625	1677.25,b'124\r\n'
False	15	298.71875	1704.75,b'124\r\n'
False	15	300.09375	1731.25,b'126\r\n'
False	15	301.4375	1760.75,b'126\r\n'
False	15	302.796875	1791.25,b'126\r\n'
False	15	304.109375	1824.25,b'126\r\n'
False	0	312.671875	0.0,b'126\r\n'
False	13	306.796875	0.0,b'126\r\n'
False	15	308.109375	1957.0,b'126\r\n'
False	15	309.4375	2000.0,b'126\r\n'
False	15	310.78125	2039.0,b'126\r\n'
False	0	319.40625	0.0,b'126\r\n'
False	0	320.75	0.0,b'126\r\n'
False	15	314.734375	0.0,b'126\r\n'
False	15	316.046875	2289.5,b'128\r\n'
False	15	317.40625	2357.5,b'128\r\n'
False	0	326.125	0.0,b'128\r\n'
False	15	320.09375	2413.0,b'128\r\n'
False	0	328.8125	0.0,b'128\r\n'
False	0	330.140625	0.0,b'128\r\n'
False	15	324.03125	0.0,b'128\r\n'
False	15	325.34375	2764.5,b'128\r\n'
False	15	326.71875	2745.75,b'128\r\n'
False	15	328.046875	2724.5,b'128\r\n'
False	15	329.40625	2698.0,b'128\r\n'
False	15	330.71875	2679.75,b'128\r\n'
False	15	332.109375	2663.75,b'130\r\n'
False	15	333.421875	2640.25,b'130\r\n'
False	15	334.765625	2618.0,b'130\r\n'
False	15	336.125	2599.75,b'130\r\n'
False	15	337.453125	2595.5,b'130\r\n'
False	15	338.84375	2587.0,b'130\r\n'
False	15	340.15625	2573.0,b'130\r\n'
False	15	341.515625	2565.5,b'130\r\n'
False	15	342.828125	2562.0,b'130\r\n'
False	15	344.203125	2555.0,b'130\r\n'
False	15	345.53125	2550.25,b'130\r\n'
False	15	346.828125	2548.25,b'130\r\n'
False	15	348.171875	2549.5,b'132\r\n'
False	15	349.53125	2553.25,b'132\r\n'
False	15	350.875	2552.25,b'132\r\n'
True	15	352.234375	2556.25,b'132\r\n'
False	15	353.515625	2602.25,b'132\r\n'
False	15	354.859375	0.0,b'132\r\n'
False	15	356.203125	2827.5,b'132\r\n'
False	15	357.515625	2842.0,b'132\r\n'
False	15	358.890625	0.0,b'132\r\n'
False	15	0.25	2622.75,b'132\r\n'
False	15	1.578125	2635.0,b'132\r\n'
False	15	2.90625	2668.25,b'132\r\n'
False	15	4.265625	2642.75,b'134\r\n'
False	15	5.609375	2648.5,b'134\r\n'
False	15	6.90625	2729.75,b'134\r\n'
False	15	8.234375	2777.25,b'134\r\n'
False	15	9.578125	0.0,b'134\r\n'
False	15	10.859375	2847.5,b'134\r\n'
False	15	12.203125	2811.75,b'134\r\n'
False	15	13.515625	2840.0,b'134\r\n'
False	15	14.875	2872.5,b'134\r\n'
False	15	16.203125	2899.5,b'134\r\n'
False	15	17.5	2940.0,b'134\r\n'
False	15	18.84375	2961.75,b'134\r\n'
False	15	20.234375	0.0,b'136\r\n'
False	15	21.5625	0.0,b'136\r\n'
False	15	22.90625	0.0,b'136\r\n'
False	15	24.28125	0.0,b'136\r\n'
False	15	25.671875	0.0,b'136\r\n'
False	15	27.046875	0.0,b'136\r\n'
False	15	28.375	2250.5,b'136\r\n'
False	15	29.765625	0.0,b'136\r\n'
False	15	31.078125	0.0,b'136\r\n'
False	15	32.484375	0.0,b'136\r\n'
False	15	33.828125	1975.5,b'136\r\n'
False	15	35.296875	1925.5,b'136\r\n'
False	15	36.671875	1876.75,b'138\r\n'
False	15	38.015625	1829.5,b'138\r\n'
False	15	39.375	1789.0,b'138\r\n'
False	15	40.734375	1749.25,b'138\r\n'
False	15	42.109375	1709.25,b'138\r\n'
False	15	43.46875	1674.5,b'138\r\n'
False	15	44.796875	1642.75,b'138\r\n'
False	15	46.1875	1614.0,b'138\r\n'
False	15	47.546875	1584.5,b'138\r\n'
False	15	48.890625	1556.25,b'138\r\n'
False	15	50.25	1531.5,b'138\r\n'
False	15	51.625	1510.0,b'138\r\n'
False	15	53.296875	0.0,b'140\r\n'
False	15	54.5625	1129.0,b'140\r\n'
False	15	55.90625	1120.75,b'140\r\n'
False	15	57.34375	1112.75,b'140\r\n'
False	15	65.34375	0.0,b'140\r\n'
False	15	66.59375	0.0,b'140\r\n'
False	15	60.984375	0.0,b'140\r\n'
False	15	62.296875	1369.0,b'140\r\n'
False	15	63.6875	1356.75,b'140\r\n'
False	15	65.046875	1345.75,b'140\r\n'
False	15	66.328125	1332.25,b'140\r\n'
False	15	67.671875	1321.0,b'140\r\n'
False	15	69.0625	1312.0,b'142\r\n'
False	15	70.390625	1303.75,b'142\r\n'
False	15	71.734375	1297.25,b'142\r\n'
False	15	73.125	1292.25,b'142\r\n'
False	15	74.421875	1287.5,b'142\r\n'
False	15	75.765625	1282.5,b'142\r\n'
False	15	77.078125	1280.5,b'142\r\n'
False	15	78.421875	1280.0,b'142\r\n'
False	15	79.765625	1279.25,b'142\r\n'
False	15	81.109375	1277.5,b'142\r\n'
False	15	82.40625	1275.25,b'142\r\n'
False	15	83.6875	1274.25,b'142\r\n'
False	15	85.109375	1275.5,b'144\r\n'
False	15	86.390625	1277.25,b'144\r\n'
False	15	87.765625	1278.75,b'144\r\n'
False	15	89.0625	1280.75,b'144\r\n'
False	15	90.421875	1282.0,b'144\r\n'
False	15	91.734375	1285.5,b'144\r\n'
False	15	93.03125	1291.5,b'144\r\n'
False	15	94.390625	1294.5,b'144\r\n'
False	15	95.734375	1299.75,b'144\r\n'
False	15	97.015625	1306.0,b'144\r\n'
False	15	98.359375	1313.25,b'144\r\n'
False	15	99.65625	1325.75,b'144\r\n'
False	15	100.984375	1335.5,b'146\r\n'
False	15	102.375	1345.5,b'146\r\n'
False	15	103.703125	1357.0,b'146\r\n'
False	15	105.03125	1369.5,b'146\r\n'
False	15	106.28125	1385.25,b'146\r\n'
False	15	107.671875	1400.5,b'146\r\n'
False	15	108.9375	1413.75,b'146\r\n'
False	15	110.3125	1428.5,b'146\r\n'
False	15	111.625	1444.25,b'146\r\n'
False	15	112.953125	1462.0,b'146\r\n'
False	15	114.25	1486.75,b'146\r\n'
False	15	115.578125	1510.5,b'146\r\n'
False	15	116.921875	1531.75,b'148\r\n'
False	15	118.1875	1559.25,b'148\r\n'
False	15	119.5	1587.75,b'148\r\n'
False	15	120.859375	1612.25,b'148\r\n'
False	15	122.140625	1640.5,b'148\r\n'
False	15	123.484375	1671.0,b'148\r\n'
False	15	124.765625	1705.5,b'148\r\n'
False	15	126.125	1747.5,b'148\r\n'
False	15	127.4375	1784.75,b'148\r\n'
False	15	128.734375	1822.25,b'148\r\n'
False	15	130.046875	1868.75,b'148\r\n'
False	15	131.34375	1917.25,b'148\r\n'
False	10	132.671875	1962.0,b'150\r\n'
False	0	141.265625	0.0,b'150\r\n'
False	0	142.609375	0.0,b'150\r\n'
False	0	143.9375	0.0,b'150\r\n'
False	0	145.265625	0.0,b'150\r\n'
False	8	139.40625	0.0,b'150\r\n'
False	15	140.703125	1828.0,b'150\r\n'
False	15	142.046875	1805.25,b'150\r\n'
False	15	143.390625	1796.0,b'150\r\n'
False	15	144.75	1823.75,b'150\r\n'
False	15	146.078125	0.0,b'150\r\n'
False	15	147.40625	1781.75,b'150\r\n'
False	15	148.734375	1769.5,b'152\r\n'
False	15	150.125	1756.75,b'152\r\n'
False	12	151.34375	0.0,b'152\r\n'
False	0	159.9375	0.0,b'152\r\n'
False	0	161.265625	0.0,b'152\r\n'
False	0	162.703125	0.0,b'152\r\n'
False	0	164.046875	0.0,b'152\r\n'
False	0	165.390625	0.0,b'152\r\n'
False	0	166.71875	0.0,b'152\r\n'
False	0	168.0625	0.0,b'152\r\n'
False	15	162.25	0.0,b'152\r\n'
False	15	163.578125	1762.5,b'152\r\n'
False	15	165.015625	0.0,b'154\r\n'
False	15	166.328125	1605.25,b'154\r\n'
False	15	167.625	1624.25,b'154\r\n'
False	15	168.984375	1629.0,b'154\r\n'
False	15	170.34375	1630.5,b'154\r\n'
False	15	171.671875	1632.75,b'154\r\n'
False	15	172.96875	1637.25,b'154\r\n'
False	15	174.3125	1639.25,b'154\r\n'
False	15	175.703125	1640.25,b'154\r\n'
False	15	176.984375	1646.5,b'154\r\n'
False	10	178.3125	1655.25,b'154\r\n'
False	0	186.78125	0.0,b'154\r\n'
False	0	188.125	0.0,b'156\r\n'
False	0	189.453125	0.0,b'156\r\n'
False	0	190.796875	0.0,b'156\r\n'
False	0	192.140625	0.0,b'156\r\n'
False	9	186.3125	0.0,b'156\r\n'
False	10	187.625	1729.25,b'156\r\n'
False	15	188.984375	1743.25,b'156\r\n'
False	15	190.28125	1758.5,b'156\r\n'
False	15	191.625	1774.25,b'156\r\n'
False	15	192.984375	1795.25,b'156\r\n'
False	12	194.3125	1818.25,b'156\r\n'
False	15	195.671875	0.0,b'156\r\n'
False	0	204.171875	0.0,b'158\r\n'
False	0	205.515625	0.0,b'158\r\n'
False	0	206.84375	0.0,b'158\r\n'
False	0	208.1875	0.0,b'158\r\n'
False	0	209.53125	0.0,b'158\r\n'
False	0	211.0	0.0,b'158\r\n'
False	0	212.34375	0.0,b'158\r\n'
False	0	213.6875	0.0,b'158\r\n'
False	0	215.03125	0.0,b'158\r\n'
False	0	216.375	0.0,b'158\r\n'
False	0	217.71875	0.0,b'158\r\n'
False	0	219.0625	0.0,b'158\r\n'
False	0	220.40625	0.0,b'160\r\n'
False	0	221.75	0.0,b'160\r\n'
False	15	216.46875	0.0,b'160\r\n'
False	15	217.9375	1017.25,b'160\r\n'
False	15	219.3125	994.25,b'160\r\n'
False	15	220.59375	975.75,b'160\r\n'
False	15	221.9375	971.75,b'160\r\n'
False	15	223.3125	0.0,b'160\r\n'
False	15	224.703125	933.25,b'160\r\n'
False	15	226.125	916.75,b'160\r\n'
False	15	227.4375	904.5,b'160\r\n'
False	15	228.75	890.0,b'160\r\n'
False	15	230.234375	873.0,b'162\r\n'
False	15	231.609375	860.0,b'162\r\n'
False	15	232.890625	856.0,b'162\r\n'
False	15	234.21875	847.75,b'162\r\n'
False	15	235.65625	830.75,b'162\r\n'
False	15	236.96875	818.25,b'162\r\n'
False	15	238.296875	816.5,b'162\r\n'
False	11	245.890625	0.0,b'162\r\n'
False	15	247.234375	0.0,b'162\r\n'
False	15	242.09375	0.0,b'162\r\n'
False	15	243.390625	936.75,b'162\r\n'
False	15	244.8125	946.5,b'162\r\n'
False	15	246.109375	962.5,b'164\r\n'
False	15	247.421875	0.0,b'164\r\n'
False	10	248.359375	0.0,b'164\r\n'
False	15	249.6875	1399.75,b'164\r\n'
False	15	251.03125	1409.75,b'164\r\n'
False	0	259.328125	0.0,b'164\r\n'
False	15	258.625	0.0,b'164\r\n'
False	0	262.015625	0.0,b'164\r\n'
False	15	256.421875	0.0,b'164\r\n'
False	15	257.734375	1387.0,b'164\r\n'
False	15	259.125	1382.25,b'164\r\n'
False	0	267.390625	0.0,b'164\r\n'
False	0	268.734375	0.0,b'166\r\n'
False	0	270.078125	0.0,b'166\r\n'
False	0	271.421875	0.0,b'166\r\n'
False	0	272.78125	0.0,b'166\r\n'
False	0	274.109375	0.0,b'166\r\n'
False	15	272.65625	0.0,b'166\r\n'
False	15	275.109375	269.5,b'166\r\n'
False	15	275.71875	269.75,b'166\r\n'
False	15	277.796875	271.5,b'166\r\n'
False	0	280.84375	0.0,b'166\r\n'
False	0	282.109375	0.0,b'166\r\n'
False	0	283.46875	0.0,b'166\r\n'
False	0	284.796875	0.0,b'168\r\n'
False	0	286.140625	0.0,b'168\r\n'
False	0	287.484375	0.0,b'168\r\n'
False	0	288.8125	0.0,b'168\r\n'
False	0	290.15625	0.0,b'168\r\n'
False	0	291.5	0.0,b'168\r\n'
False	0	292.84375	0.0,b'168\r\n'
False	0	294.1875	0.0,b'168\r\n'
False	0	295.515625	0.0,b'168\r\n'
False	0	296.859375	0.0,b'168\r\n'
False	15	298.21875	0.0,b'168\r\n'
False	15	292.421875	0.0,b'168\r\n'
False	15	293.796875	1619.75,b'170\r\n'
False	15	295.078125	1641.25,b'170\r\n'
False	9	296.40625	1665.75,b'170\r\n'
False	13	297.71875	1692.75,b'170\r\n'
False	15	299.15625	1719.75,b'170\r\n'
False	15	300.453125	1744.5,b'170\r\n'
False	15	301.78125	1772.75,b'170\r\n'
False	15	303.140625	1809.0,b'170\r\n'
False	12	304.4375	1843.75,b'170\r\n'
False	0	313.015625	0.0,b'170\r\n'
False	15	307.125	0.0,b'170\r\n'
False	15	308.4375	1976.25,b'170\r\n'
False	15	309.734375	2014.5,b'172\r\n'
False	12	311.078125	2058.25,b'172\r\n'
False	0	319.71875	0.0,b'172\r\n'
False	9	313.703125	0.0,b'172\r\n'
False	15	315.03125	0.0,b'172\r\n'
False	15	316.359375	0.0,b'172\r\n'
False	0	325.109375	0.0,b'172\r\n'
False	0	326.4375	0.0,b'172\r\n'
False	15	320.375	2391.0,b'172\r\n'
False	0	329.125	0.0,b'172\r\n'
False	0	330.453125	0.0,b'172\r\n'
False	15	324.3125	0.0,b'172\r\n'
False	15	325.671875	2750.75,b'174\r\n'
False	15	327.0	2742.25,b'174\r\n'
False	15	328.34375	2715.0,b'174\r\n'
False	15	329.71875	2689.0,b'174\r\n'
False	15	331.0625	2670.5,b'174\r\n'
False	15	332.375	2654.0,b'174\r\n'
False	15	333.71875	2635.25,b'174\r\n'
False	15	335.078125	2612.5,b'174\r\n'
False	15	336.4375	2593.5,b'174\r\n'
False	15	337.765625	2590.75,b'174\r\n'
False	15	339.109375	2583.5,b'174\r\n'
False	15	340.4375	2571.75,b'174\r\n'
False	15	341.78125	2565.75,b'176\r\n'
False	15	343.125	2560.75,b'176\r\n'
False	15	344.5	2561.0,b'176\r\n'
False	15	345.8125	2556.75,b'176\r\n'
False	15	347.125	2549.0,b'176\r\n'
False	15	348.46875	2546.5,b'176\r\n'
False	15	349.796875	2547.25,b'176\r\n'
True	15	351.140625	2555.5,b'176\r\n'
False	15	352.484375	2563.25,b'176\r\n'
False	15	353.796875	2601.5,b'176\r\n'
False	15	355.109375	0.0,b'176\r\n'
False	15	356.4375	2826.75,b'176\r\n'
False	15	357.765625	2846.25,b'178\r\n'
False	15	359.15625	0.0,b'178\r\n'
False	15	0.5	2643.0,b'178\r\n'
False	15	1.8125	2655.0,b'178\r\n'
False	15	3.15625	2672.5,b'178\r\n'
False	15	4.5	2658.0,b'178\r\n'
False	15	5.84375	2661.75,b'178\r\n'
False	15	7.171875	0.0,b'178\r\n'
False	15	8.5	2781.0,b'178\r\n'
False	15	9.78125	0.0,b'178\r\n'
False	15	11.140625	0.0,b'178\r\n'
False	15	12.46875	2805.0,b'178\r\n'
